all,primary_care
0.007946503,0.010656134
0.002761383,0.03209033
0.886634,0.04781179
0.0059160497,0.057574403
0.0020652264,0.022929596
0.055868424,0.13893552
0.0028691662,0.0034642613
0.028372368,0.028456643
0.0037700746,0.005519119
0.021624546,0.14356522
0.71652144,0.07872591
0.0029195342,0.008704861
0.99399215,0.9788017
0.0012236515,0.009874386
0.006586289,0.0063173184
0.05123795,0.1648324
0.0038177425,0.016127348
0.0033830788,0.018764112
0.0015315834,0.0073565226
0.8813781,0.92680866
0.00332146,0.014094292
0.004391719,0.07120408
0.0017223055,0.004649283
0.02128546,0.0148598375
0.012572997,0.25099656
0.0051572938,0.02602094
0.9961571,0.9637672
0.020945042,0.09201975
0.0023417796,0.09985156
0.9866116,0.9491902
0.10662567,0.17019658
0.9652334,0.9686094
0.0048188656,0.00193312
0.0026552116,0.010527815
0.069525,0.028448183
0.0023946192,0.028660296
0.0032393304,0.11131222
0.009589741,0.13797869
0.0014208448,0.0026566403
0.24266003,0.34319535
0.004491281,0.040380098
0.026073014,0.0334126
0.0043201814,0.05204287
0.00989984,0.010994687
0.9903499,0.92202073
0.0074111023,0.01682628
0.09537622,0.47731876
0.003009073,0.06290717
0.03687794,0.025229398
0.96447945,0.9864097
0.9940572,0.7666276
0.069457866,0.029441934
0.9313315,0.76085865
0.0022753163,0.0060484163
0.008233053,0.007058259
0.0033663407,0.026448648
0.0012953003,0.002300003
0.0013514071,0.0068438426
0.005877685,0.014261413
0.008349649,0.10334899
0.0054684887,0.10633387
0.9780753,0.8743842
0.010894972,0.055569306
0.044853266,0.1106858
0.13119817,0.030431246
0.0019004912,0.015919242
0.0021675744,0.010836011
0.31499925,0.014863552
0.678974,0.3592852
0.68784255,0.36829597
0.0028914197,0.012588825
0.0011457327,0.016295237
0.007608533,0.011921047
0.007517818,0.09805242
0.0045944327,0.10581354
0.004402777,0.10018638
0.14677487,0.8878166
0.0028174368,0.0068325214
0.00091018307,0.0026782295
0.022933634,0.06862516
0.116487786,0.02575175
0.0012961631,0.008238689
0.008374777,0.010353787
0.0009419328,0.0022108876
0.0010147798,0.0031921947
0.0024908443,0.017501915
0.054167036,0.015957326
0.033586033,0.01587038
0.15077284,0.024626886
0.09336153,0.0076786936
0.004597072,0.009750104
0.0013143001,0.008199586
0.01000245,0.118427366
0.016777236,0.01293812
0.00717339,0.11456658
0.99140364,0.9882613
0.47720888,0.01838562
0.99183637,0.9702892
0.0026543012,0.013378063
0.0019141573,0.05835864
0.017719002,0.004253353
0.013202859,0.042802997
0.9706988,0.86245775
0.0017626582,0.0054703588
0.90811265,0.13580313
0.90052485,0.8558439
0.6091282,0.91430235
0.9902109,0.9396691
0.9838224,0.72756
0.18298234,0.7991979
0.27958438,0.2001284
0.5542769,0.9343232
0.0020360674,0.015392122
0.74540234,0.9314641
0.71354264,0.3109023
0.02157617,0.49947876
0.24287252,0.45817655
0.99782985,0.9289595
0.33191964,0.53798944
0.0069261147,0.03388986
0.02867221,0.03336864
0.001964753,0.03325417
0.98298025,0.91541076
0.99178505,0.90146744
0.992605,0.97916186
0.010122416,0.034399822
0.002595265,0.007463882
0.0009136909,0.0034482987
0.0015518145,0.011614576
0.023428697,0.012303075
0.95183766,0.80311203
0.19748479,0.10348414
0.2534512,0.93161994
0.9658211,0.66489583
0.0020077922,0.08903718
0.040446796,0.023689741
0.041183364,0.06301067
0.05237474,0.052508377
0.012845572,0.033647344
0.0321891,0.0078088036
0.0061353934,0.1612094
0.9908573,0.77953
0.85797167,0.57964694
0.005350826,0.018729864
0.053795386,0.031912964
0.021572703,0.0044351965
0.014237615,0.033302043
0.009107671,0.0799502
0.9417882,0.7144942
0.0028598255,0.10045817
0.97494817,0.76840687
0.97011435,0.680424
0.71987844,0.9642926
0.44584104,0.11071355
0.0053770547,0.016978456
0.44747996,0.3439476
0.26698977,0.64734405
0.1705189,0.7119695
0.85569465,0.9354275
0.010421873,0.074511945
0.00083132024,0.013671514
0.037152518,0.25397718
0.9621713,0.8421888
0.0083949845,0.099935986
0.030878672,0.35292336
0.0017105873,0.025100779
0.04057825,0.18149784
0.8978098,0.17597452
0.99501234,0.9855129
0.9962896,0.8750987
0.85036886,0.020094123
0.99220455,0.97124666
0.005005566,0.075264536
0.97557133,0.8414645
0.016205335,0.120388344
0.991026,0.92768085
0.9820665,0.86110497
0.9796245,0.8696455
0.9531008,0.8088423
0.0024333736,0.029764853
0.7769872,0.9406879
0.9768851,0.46856412
0.0055146324,0.033855256
0.057299692,0.627239
0.0067704627,0.16076772
0.01588705,0.30478784
0.6917024,0.82308435
0.0032261913,0.01115527
0.12372532,0.5565522
0.91174585,0.90178144
0.3680511,0.38762262
0.99476814,0.9780066
0.029123982,0.23811644
0.0037760143,0.024504496
0.46991274,0.9519586
0.9319596,0.5122034
0.9736728,0.6220704
0.21493709,0.60898226
0.0042835134,0.10881181
0.9903966,0.9363572
0.0039628646,0.030936046
0.0060284543,0.051108077
0.31193328,0.9281701
0.95368385,0.68871486
0.0039583487,0.013818726
0.9893718,0.9578463
0.99760205,0.9919229
0.03679223,0.34687033
0.0022196549,0.017488431
0.9159761,0.8069992
0.98735297,0.37602007
0.96863043,0.24359769
0.603909,0.75921214
0.9286455,0.9702563
0.028796352,0.04493552
0.2807165,0.3818539
0.8743343,0.652464
0.9888792,0.80707324
0.007409625,0.012148498
0.052762475,0.8344477
0.0048628277,0.034434393
0.44089168,0.58091915
0.9970789,0.9847291
0.007749191,0.010783057
0.059290133,0.2762072
0.0050704805,0.01759485
0.9267302,0.46759233
0.0817384,0.52602696
0.020262484,0.6083292
0.48619053,0.75993896
0.16197115,0.3649385
0.18311362,0.4786253
0.9922012,0.9226451
0.046170626,0.49604106
0.09246512,0.74827003
0.035245355,0.6228648
0.016474849,0.17122307
0.02394855,0.2507689
0.091980375,0.9216295
0.2475382,0.14156437
0.63106215,0.39971396
0.002311644,0.01944954
0.10862835,0.31662786
0.59142315,0.9065214
0.8610607,0.55220723
0.72007805,0.59872097
0.09411329,0.20234197
0.9935266,0.968363
0.97953963,0.72469455
0.011544489,0.019615943
0.98300374,0.9422839
0.009321626,0.037002508
0.9603957,0.4280914
0.0023664786,0.010740005
0.003537259,0.024358306
0.004136299,0.021645015
0.005460383,0.3191934
0.008655782,0.012243915
0.21497415,0.063321844
0.97766364,0.74676925
0.002200941,0.0069896686
0.00664884,0.12649246
0.0022615024,0.0074154143
0.0057136817,0.0138042485
0.22308652,0.07411833
0.011658767,0.020360336
0.0034074506,0.033675566
0.72057337,0.25867742
0.09420067,0.12649082
0.6884199,0.8934929
0.6115167,0.94749004
0.0022052075,0.026262587
0.01670255,0.018741224
0.015525535,0.06246811
0.007665527,0.040845554
0.68237424,0.030392503
0.038246218,0.13564913
0.091690086,0.5321968
0.7167284,0.627682
0.46019897,0.9766747
0.06382819,0.035408076
0.08019573,0.03165397
0.30868772,0.5194509
0.043039855,0.07422988
0.0022738792,0.009986442
0.002363025,0.03383689
0.026478026,0.09079939
0.5978663,0.80085516
0.029703023,0.28561214
0.66029686,0.95476115
0.028242813,0.018666636
0.0051304763,0.012963343
0.056490466,0.44121215
0.96230775,0.54753745
0.9944886,0.84909683
0.21270779,0.04807897
0.050866924,0.22376801
0.14172798,0.058683492
0.25110894,0.9005188
0.04338983,0.20755892
0.047965966,0.32483247
0.38144204,0.92302
0.045784738,0.19215892
0.95942765,0.43440557
0.007146168,0.025583224
0.004971417,0.031158214
0.5516514,0.15293664
0.005001696,0.12416583
0.8047145,0.7583973
0.17899457,0.34228808
0.007498201,0.0344618
0.97464573,0.95698935
0.98881626,0.8531926
0.077220246,0.033649407
0.05365671,0.26157326
0.18975064,0.026298285
0.012935187,0.214377
0.009599115,0.11027892
0.0043273806,0.09035965
0.006412881,0.06734066
0.86407256,0.88445926
0.6568994,0.08634353
0.8470141,0.094487876
0.995596,0.813081
0.018582076,0.037873164
0.0043313354,0.043728165
0.0012196638,0.003929733
0.0026897974,0.024232533
0.9966924,0.981369
0.007829827,0.033380616
0.0075180344,0.0078096716
0.0030337165,0.041542586
0.0012780013,0.0066641597
0.008780338,0.36724192
0.028204769,0.10191363
0.010860301,0.08968976
0.9949064,0.9949567
0.9839153,0.9809558
0.9786205,0.74164903
0.033082586,0.3879299
0.949737,0.5453506
0.8240227,0.39774212
0.4055515,0.029954769
0.13949168,0.06284958
0.0071096043,0.07447312
0.014582736,0.21120466
0.9819765,0.82374024
0.0029300747,0.021817531
0.13628012,0.4867537
0.08613887,0.8839188
0.027013268,0.06406665
0.4867712,0.40030053
0.1310726,0.48866105
0.0012174242,0.022450808
0.28280234,0.21269271
0.12895519,0.18412334
0.9957331,0.9681377
0.005665673,0.039765507
0.013261377,0.41150418
0.0029890793,0.009233829
0.008216883,0.014953131
0.0068148635,0.009384284
0.008896274,0.08855324
0.0032411907,0.016579838
0.0034991978,0.07383307
0.18147916,0.861675
0.9726449,0.96197844
0.0071252263,0.09366612
0.9124041,0.45860177
0.008637156,0.027256126
0.8417083,0.54770434
0.3555634,0.074622355
0.9904096,0.84373116
0.01216664,0.07224444
0.014523815,0.068441436
0.80193293,0.35465008
0.006137295,0.19365169
0.8819293,0.9047474
0.022458738,0.057518788
0.019312024,0.34936714
0.008660886,0.014655321
0.14249544,0.19207267
0.059105314,0.09649778
0.048520762,0.04052179
0.004165995,0.010398589
0.055661395,0.8187154
0.016603794,0.036121644
0.9802082,0.85584724
0.0030059603,0.014788658
0.052574843,0.21735181
0.9035791,0.15114303
0.005814976,0.017051958
0.8159511,0.28164116
0.0114769405,0.080909476
0.13104688,0.5053525
0.99139965,0.9554329
0.23410054,0.038092386
0.0033241068,0.023771284
0.73541254,0.58693963
0.0077609215,0.041916445
0.00661685,0.02172629
0.012777141,0.09389631
0.99455124,0.9497072
0.69192713,0.37637782
0.04542876,0.057839215
0.00398993,0.065293886
0.009639504,0.0091181295
0.0019111726,0.021357808
0.015702935,0.09944576
0.003212964,0.01859156
0.015622355,0.27934808
0.011340336,0.059875786
0.9689077,0.54340774
0.0025978151,0.010908607
0.9917418,0.94371444
0.8831071,0.9603394
0.0028234543,0.04731051
0.013905236,0.43582773
0.7136095,0.9378866
0.0031382067,0.025685186
0.7597503,0.34116784
0.17657143,0.5481958
0.9910613,0.7848162
0.068143375,0.047543004
0.0050162426,0.03531628
0.9878357,0.9095188
0.020239947,0.1467538
0.9143858,0.84301484
0.35668972,0.15184623
0.994588,0.73902416
0.099782094,0.7918016
0.036999125,0.028253533
0.0034115156,0.042685162
0.06341725,0.058084108
0.9798106,0.86270696
0.0012079921,0.07809325
0.002351609,0.008017384
0.97991437,0.708172
0.98737913,0.95826983
0.91409874,0.0862786
0.03821769,0.014484379
0.077137284,0.13040003
0.0025677287,0.08130455
0.82719463,0.042997226
0.0060257176,0.048885208
0.97484916,0.94796664
0.4208789,0.67819643
0.73306775,0.1277128
0.67727745,0.5350947
0.33502883,0.31871113
0.98984164,0.37354222
0.26178005,0.2555607
0.98279804,0.27989244
0.66584307,0.084748566
0.9373056,0.48300275
0.022592006,0.025664743
0.7662061,0.20557827
0.54706293,0.30449593
0.1585235,0.41588762
0.0076903948,0.09576764
0.040382676,0.143146
0.065090075,0.3523197
0.99432194,0.93544066
0.115313664,0.81588966
0.9256683,0.2539929
0.1374785,0.0149976
0.112714715,0.044218767
0.8975201,0.46655455
0.5915481,0.30246377
0.42467427,0.032624345
0.8565551,0.6802867
0.75314,0.025768586
0.9828567,0.45989236
0.006037304,0.018079266
0.54470646,0.08571739
0.62781096,0.043174136
0.002893455,0.004941269
0.92181534,0.660239
0.0023477091,0.018750658
0.2245756,0.48442972
0.005383973,0.09382768
0.13762215,0.016017292
0.0038134016,0.039737903
0.9363361,0.78616524
0.359823,0.11598543
0.0092109805,0.08787479
0.98982555,0.6970805
0.14493833,0.8999505
0.408362,0.4290744
0.39980966,0.04305111
0.104498275,0.9134141
0.051854536,0.72808695
0.11224952,0.10904209
0.593602,0.2504127
0.2879976,0.6199269
0.99259585,0.9902305
0.005594658,0.028961977
0.008383902,0.005123921
0.0017212664,0.059731446
0.03534459,0.15306057
0.10157839,0.25280443
0.098180145,0.39480492
0.0021814518,0.017289082
0.0034633693,0.012986616
0.09358207,0.013863106
0.0019168048,0.0148715405
0.4856651,0.077820115
0.10694943,0.4025974
0.0034264778,0.02259168
0.9345695,0.02974952
0.8590677,0.15243623
0.013514667,0.052689534
0.64604396,0.44248185
0.0017177018,0.013909912
0.0348534,0.017913746
0.039664533,0.010098787
0.68022543,0.057886265
0.031871308,0.01920493
0.0013620107,0.006676918
0.004724948,0.069820315
0.9686385,0.42605427
0.26971996,0.076635286
0.05099087,0.3042886
0.70744747,0.18774231
0.53957856,0.14620125
0.015756635,0.08702584
0.07092943,0.42006505
0.3690581,0.31203863
0.0035726677,0.016017277
0.004605948,0.01424196
0.36632103,0.008873058
0.0031970795,0.02665908
0.0047238814,0.032732744
0.36571473,0.080983326
0.24680655,0.20983595
0.058921732,0.1008911
0.002379047,0.009243164
0.015585675,0.014398486
0.0011865275,0.009958547
0.18191074,0.6653199
0.9891249,0.93139684
